<?xml version="1.0" encoding="UTF-8" standalone="yes" ?>
<Forms>
    <Form Name="WhatWindow" Class="TabWindow" LAnchorPoint="0" LAnchorOffset="10" TAnchorPoint="1" TAnchorOffset="-342" RAnchorPoint="0.2" RAnchorOffset="106" BAnchorPoint="1" BAnchorOffset="-100" TextColor="White" Movable="1" Template="CRB_ChatWindow" Moveable="1" Border="1" AutoFadeNC="0" AutoFadeBG="0" Picture="0" BGColor="White" Overlapped="0" Font="CRB_InterfaceSmall" Sizable="1" TabTextMarginLeft="8" TabTextMarginRight="8" DT_VCENTER="1" DT_CENTER="1" TextId="GenericError_Vendor_UnknownItem" HideInEditor="0" Text="" RightEdgeControlsAnchor="ChatLog_Right" TopEdgeControlsAnchor="ChatLog_Top" TooltipColor="" Tooltip="" UseTemplateBG="1" RelativeToClient="1" IgnoreMouse="1" RequireMetaKeyToMove="1">
        <Control Class="Window" LAnchorPoint="0" LAnchorOffset="-25" TAnchorPoint="0" TAnchorOffset="-5" RAnchorPoint="1" RAnchorOffset="5" BAnchorPoint="1" BAnchorOffset="5" RelativeToClient="1" Font="Default" Text="" Template="CRB_ChatWindow" Name="BGArt" BGColor="white" TextColor="white" UseParentOpacity="1" IgnoreMouse="1" HideInEditor="0" Picture="1" Sprite="CRB_Basekit:kitBase_HoloHexes_Small" NoClip="1" TooltipColor=""/>
        <Control Class="Window" LAnchorPoint="0" LAnchorOffset="-20" TAnchorPoint="0" TAnchorOffset="0" RAnchorPoint="1" RAnchorOffset="0" BAnchorPoint="1" BAnchorOffset="-191" RelativeToClient="1" Font="Default" Text="" Template="Default" TooltipType="OnCursor" Name="BGArt_TopRow" BGColor="white" TextColor="white" TooltipColor="" Picture="1" IgnoreMouse="1" Sprite="BK3:UI_BK3_Holo_InsetSimple" UseParentOpacity="1" NoClip="1"/>
        <Control Class="Button" Base="BK3:btnHolo_Blue_Small" Font="Thick" ButtonType="Check" RadioGroup="" LAnchorPoint="0" LAnchorOffset="-25" TAnchorPoint="0" TAnchorOffset="-14" RAnchorPoint="0" RAnchorOffset="184" BAnchorPoint="0" BAnchorOffset="37" DT_VCENTER="1" DT_CENTER="1" BGColor="UI_BtnBGDefault" TextColor="UI_BtnTextDefault" NormalTextColor="UI_BtnTextDefault" PressedTextColor="UI_BtnTextDefault" FlybyTextColor="UI_BtnTextDefault" PressedFlybyTextColor="UI_BtnTextDefault" DisabledTextColor="UI_BtnTextDefault" TooltipType="OnCursor" Name="WhoButton" TooltipColor="" RelativeToClient="1" UseParentOpacity="1" TestAlpha="1" NoClip="1">
            <Event Name="ButtonCheck" Function="OnWhoSelect"/>
            <Event Name="ButtonUncheck" Function="OnWhoSelect"/>
            <Control Class="Window" LAnchorPoint="0" LAnchorOffset="11" TAnchorPoint="1" TAnchorOffset="-34" RAnchorPoint="0" RAnchorOffset="28" BAnchorPoint="1" BAnchorOffset="-14" RelativeToClient="1" Font="Default" Text="" BGColor="UI_WindowBGDefault" TextColor="UI_WindowTextDefault" Template="Default" TooltipType="OnCursor" Name="UpArrow" TooltipColor="" Sprite="CRB_ChatLogSprites:btnCL_ChannelSelectFlyby" Picture="1" IgnoreMouse="1"/>
            <Control Class="Window" LAnchorPoint="0" LAnchorOffset="26" TAnchorPoint="0" TAnchorOffset="20" RAnchorPoint="1" RAnchorOffset="-10" BAnchorPoint="1" BAnchorOffset="0" RelativeToClient="1" Font="CRB_InterfaceTiny_BB" Text="" BGColor="UI_WindowBGDefault" TextColor="UI_WindowTextDefault" Template="Default" TooltipType="OnCursor" Name="WhoText" TooltipColor=""/>
        </Control>
        <Control Class="Button" Base="CRB_Basekit:kitBtn_Holo_CircleSmall" Font="DefaultButton" ButtonType="Check" RadioGroup="" LAnchorPoint="1" LAnchorOffset="-30" TAnchorPoint="0" TAnchorOffset="1" RAnchorPoint="1" RAnchorOffset="-7" BAnchorPoint="0" BAnchorOffset="24" DT_VCENTER="1" DT_CENTER="1" BGColor="UI_BtnBGDefault" TextColor="UI_BtnTextDefault" NormalTextColor="UI_BtnTextDefault" PressedTextColor="UI_BtnTextDefault" FlybyTextColor="UI_BtnTextDefault" PressedFlybyTextColor="UI_BtnTextDefault" DisabledTextColor="UI_BtnTextDefault" TooltipType="OnCursor" Name="Options" TooltipColor="" NeverBringToFront="1" TestAlpha="1" UseParentOpacity="1" RelativeToClient="1">
            <Control Class="Window" LAnchorPoint=".5" LAnchorOffset="-4" TAnchorPoint=".5" TAnchorOffset="-4" RAnchorPoint=".5" RAnchorOffset="4" BAnchorPoint=".5" BAnchorOffset="4" RelativeToClient="1" Font="Default" Text="" BGColor="UI_WindowBGDefault" TextColor="UI_WindowTextDefault" Template="Default" TooltipType="OnCursor" Name="OptionsIcon" TooltipColor="" Sprite="CRB_Inventory:sprPersonaWrenchIcon" Picture="1" IgnoreMouse="1" TopEdgeControlsAnchor="" UseParentOpacity="1" NewWindowDepth="1"/>
            <Event Name="ButtonCheck" Function="OnOptionsToggle"/>
            <Event Name="ButtonUncheck" Function="OnOptionsToggle"/>
        </Control>
        <Control Class="Window" LAnchorPoint="0" LAnchorOffset="-50" TAnchorPoint="0" TAnchorOffset="-160" RAnchorPoint="0" RAnchorOffset="200" BAnchorPoint="0" BAnchorOffset="25" RelativeToClient="1" Font="Default" Text="" Template="HoloWindowSound" Name="PlayerWindow" BGColor="UI_AlphaPercent95" TextColor="white" IgnoreMouse="1" NoClip="1" NewWindowDepth="1" UseParentOpacity="1" Visible="0" VScroll="0" TextId="" CloseOnExternalClick="1" Escapable="1" HideInEditor="0" TooltipColor="" Picture="1" Sprite="" Tooltip="" UseTemplateBG="1" Border="1">
            <Control Class="Window" LAnchorPoint="0" LAnchorOffset="0" TAnchorPoint="0" TAnchorOffset="0" RAnchorPoint="1" RAnchorOffset="0" BAnchorPoint="1" BAnchorOffset="0" RelativeToClient="1" Font="Default" Text="" BGColor="UI_WindowBGDefault" TextColor="UI_WindowTextDefault" Template="Default" TooltipType="OnCursor" Name="HoloFrame" TooltipColor="" Sprite="BK3:sprHolo_Alert_Flyout" IgnoreMouse="1" NoClip="1" Picture="1">
                <Pixie LAnchorPoint="0" LAnchorOffset="40" TAnchorPoint="0" TAnchorOffset="67" RAnchorPoint="1" RAnchorOffset="-40" BAnchorPoint="1" BAnchorOffset="-40" Sprite="BK3:UI_BK3_Holo_InsetFlyout" BGColor="white" TextColor="black" Rotation="0" Font="Default"/>
                <Pixie LAnchorPoint="0" LAnchorOffset="0" TAnchorPoint="0" TAnchorOffset="40" RAnchorPoint="1" RAnchorOffset="0" BAnchorPoint="0" BAnchorOffset="100" Sprite="" BGColor="white" TextColor="UI_WindowTitleYellow" Rotation="0" Font="CRB_HeaderSmall" Text="Players" TextId="" DT_CENTER="1" DT_VCENTER="0"/>
            </Control>
            <Control Class="Window" LAnchorPoint="0" LAnchorOffset="45" TAnchorPoint="0" TAnchorOffset="72" RAnchorPoint="1" RAnchorOffset="-45" BAnchorPoint="1" BAnchorOffset="-45" RelativeToClient="1" Font="Default" Text="" Template="Holo_ScrollListSmall" Name="PlayerMenuContent" BGColor="white" TextColor="white" VScroll="1" IgnoreMouse="1" UseParentOpacity="0" TooltipColor="" AutoHideScroll="0" NewControlDepth="1"/>
            <Event Name="WindowClosed" Function="OnInputMenuClosed"/>
        </Control>
        <Control Class="Window" LAnchorPoint="0" LAnchorOffset="-15" TAnchorPoint="0" TAnchorOffset="25" RAnchorPoint="1" RAnchorOffset="-1" BAnchorPoint="1" BAnchorOffset="-1" RelativeToClient="1" Font="Default" Text="" BGColor="UI_WindowBGDefault" TextColor="UI_WindowTextDefault" Template="Holo_ScrollListSmall" TooltipType="OnCursor" Name="WhatLog" TooltipColor="" Sprite="sprChatTiledLine" VScroll="1" IgnoreMouse="1" UseParentOpacity="1" NoClip="1" AutoHideScroll="1"/>
        <Control Class="Window" LAnchorPoint="0" LAnchorOffset="-20" TAnchorPoint="0" TAnchorOffset="25" RAnchorPoint="1" RAnchorOffset="0" BAnchorPoint="1" BAnchorOffset="0" RelativeToClient="1" Font="Default" Text="" BGColor="UI_WindowBGDefault" TextColor="UI_WindowTextDefault" Template="CRB_Hologram" TooltipType="OnCursor" Name="OptionsForm" TooltipColor="" Picture="1" IgnoreMouse="1" NoClip="1" UseTemplateBG="0" Border="0"/>
        <Control Class="Window" LAnchorPoint="0" LAnchorOffset="-20" TAnchorPoint="0" TAnchorOffset="25" RAnchorPoint="1" RAnchorOffset="0" BAnchorPoint="1" BAnchorOffset="0" RelativeToClient="1" Font="Default" Text="" Template="CRB_Hologram" Name="OptionsSubForm" BGColor="white" TextColor="white" Visible="0" Picture="1" Border="0" UseTemplateBG="0" HideInEditor="0" SwallowMouseClicks="1" NewControlDepth="5" IgnoreMouse="1" Sprite="" UseParentOpacity="0" TooltipColor="" NoClip="1">
            <Control Class="Window" Name="ColorsList" ChatType_Chat="1" ChatType_Party="1" ChatType_Guild="1" ChatType_Raid="1" ChatType_Tell="1" ChatType_Datachron="1" ChatType_Commerce="1" ReadOnly="1" MultiLine="1" Template="Holo_ScrollListSmall" VScroll="1" UseParentOpacity="0" RelativeToClient="1" LAnchorPoint="0" LAnchorOffset="4" TAnchorPoint="0" TAnchorOffset="68" RAnchorPoint="1" RAnchorOffset="-4" BAnchorPoint="1" BAnchorOffset="-4" TextColor="white" LogFile="Chat.log" BGColor="white" Sprite="" Picture="0" UseTemplateBG="1" Border="1" Visible="1" HideInEditor="0" SwallowMouseClicks="1" IgnoreMouse="1" NewWindowDepth="0" TooltipColor="" AutoHideScroll="1"/>
            <Pixie LAnchorPoint="0" LAnchorOffset="0" TAnchorPoint="0" TAnchorOffset="0" RAnchorPoint="1" RAnchorOffset="0" BAnchorPoint="1" BAnchorOffset="0" Sprite="BK3:UI_BK3_Holo_InsetFramed_Darker" BGColor="white" TextColor="black" Rotation="0" Font="Default"/>
            <Control Class="Window" LAnchorPoint="0" LAnchorOffset="4" TAnchorPoint="0" TAnchorOffset="4" RAnchorPoint="1" RAnchorOffset="-8" BAnchorPoint="0" BAnchorOffset="34" RelativeToClient="1" Font="Default" Text="" BGColor="UI_WindowBGDefault" TextColor="UI_WindowTextDefault" Template="Default" TooltipType="OnCursor" Name="CombatHistory" TooltipColor="">
                <Control Class="Window" LAnchorPoint="0" LAnchorOffset="4" TAnchorPoint="0" TAnchorOffset="5" RAnchorPoint="0" RAnchorOffset="50" BAnchorPoint="1" BAnchorOffset="0" RelativeToClient="1" Font="Default" Text="" BGColor="UI_WindowBGDefault" TextColor="UI_WindowTextDefault" Template="Default" TooltipType="OnCursor" Name="HistoryLabel" TooltipColor="" TextId="AccountInventory_History" DT_VCENTER="0" DT_RIGHT="0"/>
                <Control Class="Window" LAnchorPoint="0" LAnchorOffset="58" TAnchorPoint="0" TAnchorOffset="5" RAnchorPoint="0" RAnchorOffset="84" BAnchorPoint="1" BAnchorOffset="0" RelativeToClient="1" Font="Default" Text="20" BGColor="UI_WindowBGDefault" TextColor="UI_WindowTextDefault" Template="Default" TooltipType="OnCursor" Name="HistoryCount" TooltipColor="" TextId=""/>
                <Control Class="Window" LAnchorPoint="0" LAnchorOffset="84" TAnchorPoint="0" TAnchorOffset="0" RAnchorPoint="1" RAnchorOffset="0" BAnchorPoint="1" BAnchorOffset="0" RelativeToClient="1" Font="Default" Text="" BGColor="UI_WindowBGDefault" TextColor="UI_WindowTextDefault" Template="Default" TooltipType="OnCursor" Name="SliderContainer" TooltipColor="" Sprite="BK3:UI_BK3_Holo_InsetSlider" Picture="1" IgnoreMouse="1">
                    <Control Class="SliderBar" LAnchorPoint="0" LAnchorOffset="2" TAnchorPoint="0" TAnchorOffset="-3" RAnchorPoint="1" RAnchorOffset="-2" BAnchorPoint="1" BAnchorOffset="-3" RelativeToClient="1" Font="Default" Text="" BGColor="UI_WindowBGDefault" TextColor="UI_WindowTextDefault" Template="Holo_Scrolllist_Options" TooltipType="OnCursor" Name="SliderBar" TooltipColor="" UseTemplateBG="0" TabStop="0" UseButtons="1" Min="1.000000" Max="100.000000" TickAmount="1.000000" InitialValue="20.000000">
                        <Event Name="SliderBarChanged" Function="OnHistorySliderChanged"/>
                    </Control>
                </Control>
            </Control>
            <Control Class="Window" LAnchorPoint="0" LAnchorOffset="8" TAnchorPoint="0" TAnchorOffset="34" RAnchorPoint="1" RAnchorOffset="-8" BAnchorPoint="0" BAnchorOffset="64" RelativeToClient="1" Font="Default" Text="" BGColor="UI_WindowBGDefault" TextColor="UI_WindowTextDefault" Template="Default" TooltipType="OnCursor" Name="ChannelSettings" TooltipColor="">
                <Control Class="Button" Base="BK3:btnHolo_Check" Font="DefaultButton" ButtonType="Check" RadioGroup="" LAnchorPoint="0" LAnchorOffset="0" TAnchorPoint="0" TAnchorOffset="0" RAnchorPoint="0" RAnchorOffset="85" BAnchorPoint="1" BAnchorOffset="0" DT_VCENTER="1" DT_CENTER="1" BGColor="UI_BtnBGDefault" TextColor="UI_BtnTextDefault" NormalTextColor="UI_BtnTextDefault" PressedTextColor="UI_BtnTextDefault" FlybyTextColor="UI_BtnTextDefault" PressedFlybyTextColor="UI_BtnTextDefault" DisabledTextColor="UI_BtnTextDefault" TooltipType="OnCursor" Name="LeaderBtn" TooltipColor="" Text="" TextId="CRB_Circle_Master" DrawAsCheckbox="1" DT_RIGHT="0">
                    <Event Name="ButtonCheck" Function="OnLeaderToggle"/>
                    <Event Name="ButtonUncheck" Function="OnLeaderToggle"/>
                </Control>
                <Control Class="EditBox" LAnchorPoint=".5" LAnchorOffset="0" TAnchorPoint="0" TAnchorOffset="0" RAnchorPoint="1" RAnchorOffset="0" BAnchorPoint="0" BAnchorOffset="30" RelativeToClient="1" Font="Default" Text="" BGColor="UI_WindowBGDefault" TextColor="UI_WindowTextDefault" Template="Holo_InputBox" TooltipType="OnCursor" Name="ChannelInput" TooltipColor="" Sprite="" Picture="0" Border="1" UseTemplateBG="1">
                    <Event Name="EditBoxReturn" Function="OnChannelChange"/>
                </Control>
                <Control Class="Window" LAnchorPoint=".5" LAnchorOffset="-58" TAnchorPoint="0" TAnchorOffset="0" RAnchorPoint=".5" RAnchorOffset="0" BAnchorPoint="1" BAnchorOffset="0" RelativeToClient="1" Font="CRB_InterfaceMedium_B" Text="" BGColor="UI_WindowBGDefault" TextColor="UI_WindowTextDefault" Template="Default" TooltipType="OnCursor" Name="ChannelName" TooltipColor="" TextId="CRB_Channel" DT_VCENTER="1"/>
            </Control>
        </Control>
    </Form>
    <Form Class="MLWindow" LAnchorPoint="0" LAnchorOffset="0" TAnchorPoint="0" TAnchorOffset="0" RAnchorPoint="1" RAnchorOffset="0" BAnchorPoint="0" BAnchorOffset="100" RelativeToClient="1" Font="CRB_InterfaceMedium" Text="" Template="Default" Name="WhatLine" Border="0" Picture="0" SwallowMouseClicks="0" Moveable="0" Escapable="0" Overlapped="1" BGColor="white" TextColor="white" Sprite="sprChatTiledLine" TooltipColor="" Tooltip=""/>
    <Form Class="Button" Base="3BK3:btnHolo_ListView_Simple" Font="DefaultButton" ButtonType="PushButton" RadioGroup="" LAnchorPoint="0" LAnchorOffset="0" TAnchorPoint="0" TAnchorOffset="0" RAnchorPoint="1" RAnchorOffset="0" BAnchorPoint="0" BAnchorOffset="26" DT_VCENTER="1" DT_CENTER="1" BGColor="UI_BtnBGDefault" TextColor="UI_BtnTextDefault" NormalTextColor="UI_BtnTextDefault" PressedTextColor="UI_BtnTextDefault" FlybyTextColor="UI_BtnTextDefault" PressedFlybyTextColor="UI_BtnTextDefault" DisabledTextColor="UI_BtnTextDefault" TooltipType="OnCursor" Name="WhoEntry" Border="0" Picture="1" SwallowMouseClicks="1" Moveable="0" Escapable="0" Overlapped="1" TooltipColor="" RelativeToClient="1">
        <Event Name="ButtonSignal" Function="OnWhoEntryClick"/>
        <Control Class="Window" LAnchorPoint="0" LAnchorOffset="5" TAnchorPoint="0" TAnchorOffset="0" RAnchorPoint="1" RAnchorOffset="-5" BAnchorPoint="1" BAnchorOffset="0" RelativeToClient="1" Font="Nameplates" Text="" BGColor="UI_WindowBGDefault" TextColor="UI_WindowTextDefault" Template="Default" TooltipType="OnCursor" Name="NameText" TooltipColor="" DT_VCENTER="1"/>
    </Form>
    <Form Class="Button" Base="PlayerPathContent_TEMP:btn_PathListNoBoxBtn" Font="DefaultButton" ButtonType="PushButton" RadioGroup="" LAnchorPoint="0" LAnchorOffset="4" TAnchorPoint="0" TAnchorOffset="0" RAnchorPoint="1" RAnchorOffset="-4" BAnchorPoint="0" BAnchorOffset="26" DT_VCENTER="1" DT_CENTER="0" BGColor="UI_BtnBGDefault" TextColor="UI_BtnTextDefault" NormalTextColor="UI_BtnTextDefault" PressedTextColor="UI_BtnTextDefault" FlybyTextColor="UI_BtnTextDefault" PressedFlybyTextColor="UI_BtnTextDefault" DisabledTextColor="UI_BtnTextDefault" TooltipType="OnCursor" Name="ColorItem" Border="0" Picture="1" SwallowMouseClicks="1" Moveable="0" Escapable="0" Overlapped="1" TooltipColor="" Tooltip="" Text="Sample" TextId="" UseWindowTextColor="1" UseTemplateBG="1">
        <Event Name="ButtonSignal" Function="OnColorItemClick"/>
        <Control Class="Window" LAnchorPoint=".5" LAnchorOffset="0" TAnchorPoint="0" TAnchorOffset="2" RAnchorPoint="1" RAnchorOffset="-4" BAnchorPoint="1" BAnchorOffset="-2" RelativeToClient="1" Font="Default" Text="" BGColor="UI_WindowBGDefault" TextColor="UI_WindowTextDefault" Template="Default" TooltipType="OnCursor" Name="ColorSwatch" TooltipColor="" Sprite="CRB_NameplateSprites:sprNp_WhiteBarFill" Picture="1" IgnoreMouse="1"/>
    </Form>
</Forms>
